chrom	bp_hg19	rs
chr1	8489302	rs301799
chr1	37192741	rs1002656
chr1	37709328	rs1466887
chr1	50559162	rs11579246
chr1	52342427	rs1890946
chr1	67146817	rs10789214
chr1	72765116	rs2568958
chr1	73668836	rs10890020
chr1	80809636	rs113188507
chr1	175913828	rs10913112
chr1	177428018	rs72710803
chr1	181740924	rs169235
chr1	197704717	rs17641524
chr2	22503044	rs12052908
chr2	58012833	rs1568452
chr2	86819128	rs7585722
chr2	157111313	rs1226412
chr2	208044470	rs62188629
chr3	44736493	rs4346585
chr3	49214066	rs13084037
chr3	53244151	rs7624336
chr3	61192911	rs141954845
chr3	117509984	rs6783233
chr3	157977962	rs1095626
chr4	3207142	rs7685686
chr4	42110353	rs34937911
chr4	123186393	rs45510091
chr4	131237381	rs35553410
chr4	177350956	rs7659414
chr5	61509655	rs60157091
chr5	87545318	rs3099439
chr5	93071630	rs10061069
chr5	103972357	rs30266
chr5	164523472	rs11135349
chr6	27835435	rs200949
chr6	66565703	rs9363467
chr6	101387304	rs7758630
chr6	105365891	rs1933802
chr6	142996618	rs2876520
chr6	147950422	rs725616
chr6	165121844	rs2029865
chr7	2110346	rs3823624
chr7	12253880	rs2043539
chr7	82454404	rs2247523
chr7	82936909	rs16887442
chr7	109099919	rs58104186
chr7	117502574	rs7807677
chr8	65562019	rs7837935
chr8	71347626	rs67436663
chr9	2983774	rs1354115
chr9	11513019	rs1982277
chr9	17016503	rs263645
chr9	23737627	rs3793577
chr9	25232978	rs59283172
chr9	31124452	rs34653192
chr9	36999369	rs7030813
chr9	119731045	rs10817969
chr9	120484009	rs913930
chr9	126634255	rs2670139
chr10	1795194	rs997934
chr10	106610839	rs1021363
chr11	30892824	rs1448938
chr11	57650796	rs2509805
chr11	61471678	rs198457
chr11	65314830	rs58621819
chr11	70544937	rs7117514
chr11	88744425	rs7932640
chr11	113370758	rs61902811
chr11	118713180	rs2187490
chr11	127022560	rs57344483
chr12	23987925	rs78337797
chr12	84465022	rs56314503
chr12	110741356	rs10774600
chr12	121205078	rs3213572
chr13	31907741	rs1409379
chr13	53647048	rs1343605
chr13	66941792	rs9592461
chr13	80826373	rs9545360
chr13	99115041	rs4772087
chr14	42074726	rs61990288
chr14	60141822	rs1956373
chr14	64697037	rs1152578
chr14	75130235	rs1045430
chr14	104017953	rs10149470
chr15	37643831	rs8037355
chr15	47684936	rs34488670
chr16	6315880	rs7193263
chr16	7666402	rs7198928
chr16	13066833	rs7200826
chr16	13755530	rs56887639
chr16	21639710	rs12923444
chr17	27363750	rs75581564
chr18	35138245	rs12967855
chr18	50731802	rs7227069
chr18	52488672	rs62091461
chr18	52751639	rs12966052
chr18	53099012	rs12967143
chr18	77580712	rs7241572
chr19	30939989	rs33431
chr20	39997404	rs143186028
chr20	44680853	rs12624433
chr22	41487218	rs5995992
